{
    "particles": {
        "number": {
            "value": 100,
            "density": {
                "enable": true,
                "value_area": 800
            }
        },
        "color": {
            "value": "#5294E2"
        },
        "shape": {
            "type": "circle",
            "stroke": {
                "width": 1,
                "color": "#5294E2"
            },
            "polygon": {
                "nb_sides": 4
            },
            "image": {
                "src": "img/github.svg",
                "width": 100,
                "height": 100
            }
        },
        "opacity": {
            "value": 0.3,
            "random": false,
            "anim": {
                "enable": false,
                "speed": 1,
                "opacity_min": 0.1,
                "sync": false
            }
        },
        "size": {
            "value": 5,
            "random": true,
            "anim": {
                "enable": false,
                "speed": 40,
                "size_min": 0.1,
                "sync": false
            }
        },
        "line_linked": {
            "enable": true,
            "distance": 150,
            "color": "#ffffff",
            "opacity": 0.4,
            "width": 1
        },
        "move": {
            "enable": true,
            "speed": 6,
            "direction": "none",
            "random": false,
            "straight": false,
            "out_mode": "out",
            "attract": {
                "enable": false,
                "rotateX": 600,
                "rotateY": 1200
            }
        }
    },
    "interactivity": {
        "detect_on": "canvas",
        "events": {
            "onhover": {
                "enable": true,
                "mode": "grab"
            },
            "onclick": {
                "enable": true,
                "mode": "push"
            },
            "resize": true
        },
        "modes": {
            "grab": {
                "distance": 150,
                "line_linked": {
                    "opacity": 1
                }
            },
            "bubble": {
                "distance": 400,
                "size": 40,
                "duration": 2,
                "opacity": 8,
                "speed": 3
            },
            "repulse": {
                "distance": 200
            },
            "push": {
                "particles_nb": 4
            },
            "remove": {
                "particles_nb": 2
            }
        }
    },
    "retina_detect": true,
    "config_demo": {
        "hide_card": false,
        "background_color": "#b61924",
        "background_image": "",
        "background_position": "50% 50%",
        "background_repeat": "no-repeat",
        "background_size": "cover"
    }
}
